{
  "id": "7051cd02-60c1-4a43-93d3-ad4adcfb3077",
  "revision": 0,
  "last_node_id": 6,
  "last_link_id": 7,
  "nodes": [
    {
      "id": 5,
      "type": "LoadAudio",
      "pos": [
        488.2267150878906,
        42.26806640625
      ],
      "size": [
        270,
        136
      ],
      "flags": {},
      "order": 0,
      "mode": 0,
      "inputs": [],
      "outputs": [
        {
          "name": "AUDIO",
          "type": "AUDIO",
          "links": [
            1
          ]
        }
      ],
      "properties": {
        "cnr_id": "comfy-core",
        "ver": "0.3.54",
        "Node name for S&R": "LoadAudio"
      },
      "widgets_values": [
        "dragonbal1.wav",
        null,
        null
      ]
    },
    {
      "id": 3,
      "type": "SaveAudioAndText",
      "pos": [
        1361.0057373046875,
        35.671165466308594
      ],
      "size": [
        400,
        200
      ],
      "flags": {},
      "order": 2,
      "mode": 0,
      "inputs": [
        {
          "name": "audio",
          "type": "AUDIO",
          "link": 4
        },
        {
          "name": "text",
          "type": "STRING",
          "widget": {
            "name": "text"
          },
          "link": 6
        }
      ],
      "outputs": [
        {
          "name": "audio",
          "type": "AUDIO",
          "links": [
            5
          ]
        },
        {
          "name": "filename",
          "type": "STRING",
          "links": [
            7
          ]
        }
      ],
      "properties": {
        "cnr_id": "ComfyUI-F5-TTS-TH",
        "ver": "1f4e9c59456af60b0aa93362241b72e3baf0e74e",
        "Node name for S&R": "SaveAudioAndText"
      },
      "widgets_values": [
        "",
        "F5TTSTH",
        "wav"
      ]
    },
    {
      "id": 4,
      "type": "F5TTS_Advance",
      "pos": [
        817.3740234375,
        39.027347564697266
      ],
      "size": [
        496.9454650878906,
        674.508056640625
      ],
      "flags": {},
      "order": 1,
      "mode": 0,
      "inputs": [
        {
          "name": "sample_audio",
          "type": "AUDIO",
          "link": 1
        },
        {
          "name": "remove_silence",
          "shape": 7,
          "type": "BOOL",
          "link": null
        }
      ],
      "outputs": [
        {
          "name": "audio",
          "type": "AUDIO",
          "links": [
            4
          ]
        },
        {
          "name": "text",
          "type": "STRING",
          "links": [
            6
          ]
        }
      ],
      "properties": {
        "cnr_id": "ComfyUI-F5-TTS-TH",
        "ver": "1f4e9c59456af60b0aa93362241b72e3baf0e74e",
        "Node name for S&R": "F5TTS_Advance"
      },
      "widgets_values": [
        "อ้า รักษาฟอร์มได้ รู้แล้วเจ้ายังไม่รู้จักฉันดีใช่ไหมนี่ถ้าลงมือจริงแล้วก็จะเป็นการทำรุนแรงกับเด็กเกินไปหน่อยนะ",
        "มันเกือบจะล้มมันเหนื่อยมันล้าเหมือนแทบขาดใจ\nเดินมาจนท้อไม่เจอจุดหมายปลายทางที่ฝัน\nจะกลับดีไหมถ้าเดินต่อไปยากเย็นขนาดนั้น ยังถามใจ\n",
        "VIZINTZOR/F5-TTS-THAI/model/model_1000000.pt",
        379,
        "randomize",
        1,
        0.15,
        32,
        2,
        -1,
        0,
        251
      ]
    },
    {
      "id": 6,
      "type": "VrchAudioSaverNode",
      "pos": [
        1795.29248046875,
        26.63630485534668
      ],
      "size": [
        270,
        184
      ],
      "flags": {},
      "order": 3,
      "mode": 0,
      "inputs": [
        {
          "name": "audio",
          "type": "AUDIO",
          "link": 5
        },
        {
          "name": "filename",
          "type": "STRING",
          "widget": {
            "name": "filename"
          },
          "link": 7
        }
      ],
      "outputs": [],
      "properties": {
        "cnr_id": "comfyui-web-viewer",
        "ver": "1.1.4",
        "Node name for S&R": "VrchAudioSaverNode"
      },
      "widgets_values": [
        "web_viewer_audio",
        "web_viewer",
        "wav",
        true
      ]
    }
  ],
  "links": [
    [
      1,
      5,
      0,
      4,
      0,
      "AUDIO"
    ],
    [
      4,
      4,
      0,
      3,
      0,
      "AUDIO"
    ],
    [
      5,
      3,
      0,
      6,
      0,
      "AUDIO"
    ],
    [
      6,
      4,
      1,
      3,
      1,
      "STRING"
    ],
    [
      7,
      3,
      1,
      6,
      1,
      "STRING"
    ]
  ],
  "groups": [],
  "config": {},
  "extra": {
    "ds": {
      "scale": 1.1671755873212235,
      "offset": [
        -678.5533244304354,
        -42.33589791971767
      ]
    },
    "frontendVersion": "1.25.11"
  },
  "version": 0.4
}