{
  "id": "57ccb0f4-0f58-4626-a5cd-7399a017a57a",
  "revision": 0,
  "last_node_id": 11,
  "last_link_id": 19,
  "nodes": [
    {
      "id": 2,
      "type": "LoadAudio",
      "pos": [
        -180.39598083496094,
        -236.77432250976562
      ],
      "size": [
        315,
        136
      ],
      "flags": {},
      "order": 0,
      "mode": 0,
      "inputs": [],
      "outputs": [
        {
          "name": "AUDIO",
          "type": "AUDIO",
          "links": [
            12
          ]
        }
      ],
      "properties": {
        "cnr_id": "comfy-core",
        "ver": "0.3.30",
        "Node name for S&R": "LoadAudio"
      },
      "widgets_values": [
        "mono_24000.wav",
        null,
        null
      ]
    },
    {
      "id": 5,
      "type": "LoadAudio",
      "pos": [
        -388.3663635253906,
        -28.40323257446289
      ],
      "size": [
        315,
        136
      ],
      "flags": {},
      "order": 1,
      "mode": 0,
      "inputs": [],
      "outputs": [
        {
          "name": "AUDIO",
          "type": "AUDIO",
          "links": [
            14
          ]
        }
      ],
      "title": "[มะลิ]",
      "properties": {
        "cnr_id": "comfy-core",
        "ver": "0.3.30",
        "Node name for S&R": "LoadAudio"
      },
      "widgets_values": [
        "mali.wav",
        null,
        null
      ]
    },
    {
      "id": 3,
      "type": "LoadAudio",
      "pos": [
        -40.37539291381836,
        37.17724609375
      ],
      "size": [
        315,
        136
      ],
      "flags": {},
      "order": 2,
      "mode": 0,
      "inputs": [],
      "outputs": [
        {
          "name": "AUDIO",
          "type": "AUDIO",
          "links": [
            15
          ]
        }
      ],
      "title": "[โทโน่]",
      "properties": {
        "cnr_id": "comfy-core",
        "ver": "0.3.30",
        "Node name for S&R": "LoadAudio"
      },
      "widgets_values": [
        "slow.wav",
        null,
        null
      ]
    },
    {
      "id": 6,
      "type": "LoadAudio",
      "pos": [
        -350.03729248046875,
        220.25669860839844
      ],
      "size": [
        315,
        136
      ],
      "flags": {},
      "order": 3,
      "mode": 0,
      "inputs": [],
      "outputs": [
        {
          "name": "AUDIO",
          "type": "AUDIO",
          "links": [
            16
          ]
        }
      ],
      "title": "[ดาวดวงน้อย]",
      "properties": {
        "cnr_id": "comfy-core",
        "ver": "0.3.30",
        "Node name for S&R": "LoadAudio"
      },
      "widgets_values": [
        "boy_slow1.wav",
        null,
        null
      ]
    },
    {
      "id": 7,
      "type": "LoadAudio",
      "pos": [
        -22.137493133544922,
        260.06103515625
      ],
      "size": [
        315,
        136
      ],
      "flags": {},
      "order": 4,
      "mode": 0,
      "inputs": [],
      "outputs": [
        {
          "name": "AUDIO",
          "type": "AUDIO",
          "links": [
            17
          ]
        }
      ],
      "title": "[ข่มขู่]",
      "properties": {
        "cnr_id": "comfy-core",
        "ver": "0.3.30",
        "Node name for S&R": "LoadAudio"
      },
      "widgets_values": [
        "dragonbal2.wav",
        null,
        null
      ]
    },
    {
      "id": 4,
      "type": "LoadAudio",
      "pos": [
        -0.63726806640625,
        454.2350769042969
      ],
      "size": [
        315,
        136
      ],
      "flags": {},
      "order": 5,
      "mode": 0,
      "inputs": [],
      "outputs": [
        {
          "name": "AUDIO",
          "type": "AUDIO",
          "links": [
            18
          ]
        }
      ],
      "title": "[โกรธจัด]",
      "properties": {
        "cnr_id": "comfy-core",
        "ver": "0.3.30",
        "Node name for S&R": "LoadAudio"
      },
      "widgets_values": [
        "dragonbal1.wav",
        null,
        null
      ]
    },
    {
      "id": 8,
      "type": "SaveAudioAndText",
      "pos": [
        835.5355224609375,
        -44.85258483886719
      ],
      "size": [
        400,
        200
      ],
      "flags": {},
      "order": 7,
      "mode": 0,
      "inputs": [
        {
          "name": "audio",
          "type": "AUDIO",
          "link": 13
        },
        {
          "name": "text",
          "type": "STRING",
          "widget": {
            "name": "text"
          },
          "link": 19
        }
      ],
      "outputs": [
        {
          "name": "audio",
          "type": "AUDIO",
          "links": [
            9
          ]
        },
        {
          "name": "filename",
          "type": "STRING",
          "links": [
            10
          ]
        }
      ],
      "properties": {
        "aux_id": "gordon123/ComfyUI-F5-TTS-TH",
        "ver": "756846bd9a6de6d35124d17b4b04c2defc765d76",
        "Node name for S&R": "SaveAudioAndText"
      },
      "widgets_values": [
        "",
        "MyStory",
        "wav"
      ]
    },
    {
      "id": 9,
      "type": "VrchAudioSaverNode",
      "pos": [
        1290.10498046875,
        -45.02471160888672
      ],
      "size": [
        496.26531982421875,
        184
      ],
      "flags": {},
      "order": 8,
      "mode": 0,
      "inputs": [
        {
          "name": "audio",
          "type": "AUDIO",
          "link": 9
        },
        {
          "name": "filename",
          "type": "STRING",
          "widget": {
            "name": "filename"
          },
          "link": 10
        }
      ],
      "outputs": [],
      "properties": {
        "cnr_id": "comfyui-web-viewer",
        "ver": "1.0.31",
        "Node name for S&R": "VrchAudioSaverNode"
      },
      "widgets_values": [
        "web_viewer_audio",
        "web_viewer",
        "wav",
        true
      ]
    },
    {
      "id": 11,
      "type": "FairyTaleNarratorSwitcher",
      "pos": [
        421.5098876953125,
        -43.66484832763672
      ],
      "size": [
        369.1560363769531,
        1043.7105712890625
      ],
      "flags": {},
      "order": 6,
      "mode": 0,
      "inputs": [
        {
          "name": "sample_audio_narator",
          "type": "AUDIO",
          "link": 12
        },
        {
          "name": "sample_audio_1",
          "shape": 7,
          "type": "AUDIO",
          "link": 14
        },
        {
          "name": "sample_audio_2",
          "shape": 7,
          "type": "AUDIO",
          "link": 15
        },
        {
          "name": "sample_audio_3",
          "shape": 7,
          "type": "AUDIO",
          "link": 16
        },
        {
          "name": "sample_audio_4",
          "shape": 7,
          "type": "AUDIO",
          "link": 17
        },
        {
          "name": "sample_audio_5",
          "shape": 7,
          "type": "AUDIO",
          "link": 18
        },
        {
          "name": "remove_silence",
          "shape": 7,
          "type": "BOOL",
          "link": null
        }
      ],
      "outputs": [
        {
          "name": "audio",
          "type": "AUDIO",
          "links": [
            13
          ]
        },
        {
          "name": "text",
          "type": "STRING",
          "links": [
            19
          ]
        }
      ],
      "properties": {
        "aux_id": "gordon123/ComfyUI-F5-TTS-TH",
        "ver": "0e78eb7d21a1bc30be9bc8cf3f1d4f5e25e924f3",
        "Node name for S&R": "FairyTaleNarratorSwitcher"
      },
      "widgets_values": [
        "นรุ่งเช้าวันใหม่ที่แสงทองซ่อนเสียงหัวใจ\nมะลิแบกความหวัง มุ่งตรงสู่หุบเขาฝันไกล\n[มะลิ] “ต้องไปให้ถึง แสงนั้นรอเรา ไม่ไหวก็ต้องฝืน”\n\nโทโน่เงียบข้างหลัง พกโมดูลแรงพลังกาย\n[โทโน่] “สตาร์ตมอเตอร์ใจ ลุยเลย อย่ามองแค่ระยะ”\n\nดาวดวงน้อยโบยสะบัด แสงแฟลร์ปลุกพลัง\n[ดาวดวงน้อย] “แสงเราพอแล้ว ใจเธอปลอดโปร่งและกว้าง”\n\nทันใดนั้นสองร้ายแทรกซึมฝ่าพงไพร\n[โกรธจัด] “ฮึ่ย! ฝันเหรอ ฝุ่นพวกนี้ไม่ชวนให้บิน!”\n[ข่มขู่] “กลัวเหรอ จะพัดให้จมฝุ่น ไม่เหลือเศษใด”\n\nมะลิหายใจลึก ปีกน้อยสั่น แต่ใจยังแกร่ง\n[มะลิ] “พวกเธอไม่เข้าใจ ฝันอ่อนไม่ใช่เปลวไฟ”\n\nโทโน่ปลดล็อกโค้ดสนับสนุน\n[โทโน่] “รันโปรแกรมชิวิต บั๊กทิ้งไป ลุย!”\n\nดาวดวงน้อยฉายแสงจารึก\n[ดาวดวงน้อย] “ในคืนมืด เราคือดาว เติมฝันให้เจิดจ้า”\n\nสองร้ายถอยกรูด ฝุ่นกลบใจแตกพ่าย\nทั้งสามผสานพลัง พุ่งทะยานผ่านพงไพร\nความฝันจึงไม่ไกล เพียงเชื่อในแรงใจ\nบทใหม่เริ่มขึ้น ใต้ฟ้ากว้าง… ทุกคนคือฮีโร่! 🕊️✨",
        "สวัสดีนะครับ ก็จะมาทดสอบเสียงภาษาไทยอีกแล้วลองดูกันว่าจะได้ไหม",
        "model_475000.pt",
        1960,
        "randomize",
        "[มะลิ]",
        "จะว่าไปแล้วนะคะคุณแม่ เนื้อของเราอยู่ฝั่งนั้นนี่น้า",
        "[โทโน่]",
        "ทั้งหมดฉัน ฉันคุมสติไม่อยู่ ฉันรู้สึกเศร้าจังเลย",
        "[ดาวดวงน้อย] ",
        "อ่า มันก็ใช่อย่างงั้นหรอกนะ แต่ว่า ไม่มีอะไรมาจริงจริงนะ",
        "[ข่มขู่]",
        "และแล้วถึงเวลาระทึกใจที่ทุกท่านเฝ้ารองคอยกันมาเป็นเวลานานแสนนาน",
        "[โกรธจัด]",
        "อ้า รักษาฟอร์มได้ รู้แล้วเจ้ายังไม่รู้จักฉันดีใช่ไหมนี่ถ้าลงมือจริงแล้วก็จะเป็นการทำรุนแรงกับเด็กเกินไปหน่อยนะ",
        1,
        0.15,
        64,
        2,
        -1,
        0,
        250
      ]
    }
  ],
  "links": [
    [
      9,
      8,
      0,
      9,
      0,
      "AUDIO"
    ],
    [
      10,
      8,
      1,
      9,
      1,
      "STRING"
    ],
    [
      12,
      2,
      0,
      11,
      0,
      "AUDIO"
    ],
    [
      13,
      11,
      0,
      8,
      0,
      "AUDIO"
    ],
    [
      14,
      5,
      0,
      11,
      1,
      "AUDIO"
    ],
    [
      15,
      3,
      0,
      11,
      2,
      "AUDIO"
    ],
    [
      16,
      6,
      0,
      11,
      3,
      "AUDIO"
    ],
    [
      17,
      7,
      0,
      11,
      4,
      "AUDIO"
    ],
    [
      18,
      4,
      0,
      11,
      5,
      "AUDIO"
    ],
    [
      19,
      11,
      1,
      8,
      1,
      "STRING"
    ]
  ],
  "groups": [],
  "config": {},
  "extra": {
    "ds": {
      "scale": 2.143588810000002,
      "offset": [
        -332.9750085100003,
        -674.5854143970405
      ]
    },
    "frontendVersion": "1.17.11"
  },
  "version": 0.4
}